product_name,category,subcategory,unit_price,supplier
Front-line impactful matrices,Clothing,Accessories,108.0,Costa PLC
Proactive executive product,Home & Garden,Tools,183.94,"Sosa, Mckenzie and Arnold"
Multi-lateral dedicated website,Sports,Accessories,210.16,Black Group
Organic leadingedge approach,Clothing,Men,386.06,Pruitt Ltd
Networked bi-directional hierarchy,Home & Garden,Decor,206.36,Jones-Warren
Diverse composite customer loyalty,Clothing,Kids,403.43,Henderson Inc
Customizable dynamic Local Area Network,Clothing,Men,38.75,Lee and Sons
Progressive next generation secured line,Electronics,Tablets,355.75,English and Sons
Cross-group eco-centric capability,Electronics,Tablets,26.54,Williamson-Collins
Future-proofed bottom-line hardware,Sports,Apparel,340.7,"Rojas, Navarro and Gutierrez"
Distributed exuding concept,Clothing,Accessories,318.66,"Massey, Davis and Hunt"
Universal analyzing initiative,Books,Non-Fiction,186.54,Hall-Foster
Virtual contextually-based approach,Electronics,Accessories,322.55,Hudson LLC
Profit-focused non-volatile projection,Electronics,Laptops,264.61,"Davis, Hobbs and Glass"
Upgradable 6thgeneration paradigm,Sports,Apparel,52.16,Larson-Duke
Virtual encompassing productivity,Clothing,Women,472.95,Chandler-Ruiz
Intuitive modular data-warehouse,Books,Comics,287.04,"Alvarado, Jensen and Lewis"
Reactive grid-enabled approach,Books,Fiction,397.66,"Davis, Bush and Johnson"
Self-enabling impactful info-mediaries,Home & Garden,Tools,431.0,Hansen Ltd
Switchable background monitoring,Books,Educational,125.11,Pope-Richardson
Stand-alone static structure,Clothing,Accessories,285.88,Jensen-Ramirez
Grass-roots full-range matrix,Sports,Equipment,373.01,Elliott-Gallegos
Future-proofed eco-centric workforce,Books,Non-Fiction,434.13,Ellis PLC
Re-contextualized demand-driven adapter,Home & Garden,Tools,316.7,Fitzgerald-Walsh
Switchable static framework,Electronics,Tablets,218.9,Hernandez-Sanders
Reactive intermediate analyzer,Clothing,Kids,415.91,"Smith, Suarez and Mills"
Horizontal didactic groupware,Home & Garden,Decor,117.7,Brown-Sanchez
Multi-lateral zero tolerance benchmark,Electronics,Tablets,72.65,Lee Ltd
Open-architected bi-directional pricing structure,Books,Comics,467.21,Adams-Porter
Phased mission-critical open architecture,Sports,Equipment,114.78,Weaver Inc
Advanced demand-driven infrastructure,Electronics,Laptops,161.92,"York, Jackson and Rodriguez"
Virtual bi-directional pricing structure,Books,Educational,360.95,Curtis Group
Operative bottom-line info-mediaries,Books,Fiction,281.46,"Miller, Murphy and Robertson"
Right-sized bottom-line solution,Electronics,Accessories,116.84,Brown-Colon
Business-focused zero tolerance open system,Clothing,Kids,67.02,Martinez-Campbell
De-engineered bi-directional challenge,Clothing,Kids,215.73,"Howell, Mora and Lopez"
Total real-time product,Clothing,Kids,417.3,Mcdaniel PLC
Managed multi-tasking encoding,Books,Educational,97.62,Bennett LLC
Robust system-worthy data-warehouse,Home & Garden,Furniture,477.37,Atkins Inc
Right-sized responsive hierarchy,Sports,Nutrition,472.43,"Keith, Taylor and Waller"
Profit-focused bandwidth-monitored open system,Books,Educational,326.74,"Rodriguez, Wood and Murphy"
Re-engineered neutral model,Home & Garden,Tools,142.03,"Berry, Davies and Bowen"
Digitized tertiary ability,Electronics,Tablets,411.31,Williams Ltd
Down-sized 3rdgeneration definition,Clothing,Women,300.06,"Ritter, Gamble and Moore"
Advanced eco-centric artificial intelligence,Sports,Apparel,459.36,"Williams, Keller and Gonzalez"
Multi-layered zero administration moratorium,Home & Garden,Furniture,72.61,Valentine PLC
Stand-alone national complexity,Home & Garden,Furniture,479.28,Thomas-Gomez
Programmable contextually-based contingency,Books,Non-Fiction,199.48,"Romero, Cantrell and Franklin"
Proactive 24hour portal,Books,Fiction,334.59,Bryan LLC
Digitized bottom-line paradigm,Clothing,Accessories,424.92,Porter-Stewart
Adaptive solution-oriented utilization,Clothing,Accessories,290.95,Moore Inc
Distributed motivating alliance,Home & Garden,Kitchen,194.51,Jones Group
Customer-focused executive open architecture,Home & Garden,Kitchen,215.99,Gibson Ltd
Proactive well-modulated standardization,Home & Garden,Kitchen,294.68,Stephens PLC
Extended needs-based approach,Home & Garden,Decor,200.07,"Gonzalez, Ward and Smith"
Extended 24hour help-desk,Books,Non-Fiction,173.05,Ramirez-Lopez
Exclusive zero tolerance analyzer,Books,Non-Fiction,194.84,Brown Ltd
Re-contextualized motivating attitude,Electronics,Accessories,12.08,Carter-Wells
Managed executive budgetary management,Sports,Nutrition,401.67,Spencer-Schneider
Multi-channeled global strategy,Sports,Apparel,369.52,Knight Ltd
Assimilated radical help-desk,Sports,Nutrition,128.52,"Carpenter, Cooper and Larson"
Implemented solution-oriented secured line,Home & Garden,Tools,151.92,Porter PLC
Reduced mobile access,Sports,Nutrition,96.2,Martinez-Carter
Virtual tangible website,Clothing,Women,68.13,Carlson-Graham
Ameliorated high-level interface,Clothing,Kids,447.9,"Moreno, Smith and Gonzales"
Managed 5thgeneration synergy,Home & Garden,Tools,103.12,Cook Inc
Optional explicit middleware,Electronics,Accessories,61.38,Sanchez-Davis
Extended tertiary frame,Clothing,Women,251.93,Sanchez-Hamilton
Cloned systemic challenge,Electronics,Tablets,53.45,Costa-Crane
Intuitive static secured line,Home & Garden,Furniture,64.52,James Inc
Quality-focused uniform concept,Electronics,Smartphones,305.7,"Lewis, Hooper and Collier"
Balanced composite infrastructure,Sports,Nutrition,404.82,Mills-Savage
Extended composite knowledge user,Sports,Apparel,338.53,"Hendrix, Campbell and Gomez"
Compatible exuding approach,Sports,Equipment,160.61,Gonzales Group
Grass-roots foreground process improvement,Sports,Accessories,350.91,Matthews-Johnson
Fundamental systematic migration,Books,Fiction,475.63,Kelley-Baker
Total well-modulated portal,Home & Garden,Kitchen,58.11,Miller-Mendoza
Ameliorated fresh-thinking approach,Clothing,Accessories,113.82,"Wong, Myers and Powers"
Team-oriented mission-critical task-force,Home & Garden,Tools,216.59,"Curtis, Waters and Rodriguez"
Visionary context-sensitive standardization,Books,Fiction,443.51,Prince Group
User-friendly 6thgeneration framework,Electronics,Laptops,441.14,Morgan-Rice
Customer-focused bandwidth-monitored infrastructure,Sports,Nutrition,93.67,"Marsh, Rasmussen and Jackson"
Secured zero tolerance customer loyalty,Home & Garden,Kitchen,490.91,Wolfe PLC
Configurable scalable installation,Electronics,Tablets,76.59,Hall and Sons
Reactive analyzing product,Electronics,Tablets,122.0,"Smith, Sparks and King"
Virtual bottom-line initiative,Sports,Nutrition,392.59,Wilson PLC
Realigned systemic capability,Clothing,Men,52.62,Graham-Peterson
Down-sized client-server software,Home & Garden,Furniture,405.71,"Gallagher, Wilson and Clements"
Decentralized interactive productivity,Sports,Accessories,460.08,Torres-Willis
Reactive intangible project,Books,Non-Fiction,356.04,Patel-Johnson
Reduced multi-state benchmark,Books,Comics,328.21,"Bell, Soto and Hopkins"
Future-proofed 24/7 application,Sports,Nutrition,411.83,"Mendez, Hopkins and James"
Front-line optimizing ability,Sports,Nutrition,430.39,"Martinez, Walker and Rodriguez"
Reduced responsive open system,Home & Garden,Furniture,194.46,Coleman-Smith
Phased demand-driven website,Electronics,Laptops,422.6,Higgins-Ross
Open-architected client-driven knowledge user,Books,Educational,493.71,"Johnson, Cole and West"
Visionary bifurcated open architecture,Sports,Apparel,111.37,"Cochran, Harmon and Reynolds"
Extended regional customer loyalty,Books,Educational,224.8,Randolph PLC
Networked client-server moderator,Sports,Apparel,196.09,"Simmons, Ramirez and Caldwell"
Extended disintermediate orchestration,Sports,Equipment,481.59,Harris Ltd
Cross-group asymmetric framework,Books,Fiction,330.07,"Miller, Bailey and Coleman"
Seamless clear-thinking success,Sports,Nutrition,185.86,"Howard, Simmons and Campbell"
Stand-alone disintermediate ability,Clothing,Women,452.45,Oneal-West
Managed modular success,Home & Garden,Decor,213.52,"Aguirre, Pitts and Hall"
User-centric global Local Area Network,Sports,Nutrition,464.69,"Montgomery, Johnson and Burnett"
Progressive full-range project,Home & Garden,Tools,278.73,"Wolf, Stewart and Mccarty"
Synchronized disintermediate system engine,Books,Fiction,422.73,Morgan-Mendez
Polarized secondary flexibility,Sports,Accessories,444.69,"Crawford, Doyle and Williams"
Distributed fresh-thinking structure,Home & Garden,Kitchen,139.65,Church Ltd
Profound secondary project,Electronics,Smartphones,294.15,Taylor Ltd
Re-contextualized non-volatile matrices,Electronics,Accessories,452.46,Smith PLC
Centralized systematic circuit,Electronics,Laptops,11.55,Garcia Ltd
User-friendly holistic conglomeration,Clothing,Men,246.69,"Gonzalez, Norman and Larson"
Total needs-based superstructure,Books,Comics,441.7,Allen and Sons
Optional disintermediate challenge,Home & Garden,Tools,102.31,Murray and Sons
Automated content-based model,Clothing,Accessories,314.36,"Anderson, Bennett and Garcia"
Assimilated global throughput,Sports,Apparel,245.7,Jackson and Sons
Balanced background time-frame,Electronics,Accessories,256.76,Hunter Ltd
Re-engineered actuating analyzer,Home & Garden,Furniture,224.92,Mayo and Sons
Expanded intangible encoding,Books,Fiction,446.4,"Edwards, Stephenson and Calhoun"
Horizontal disintermediate architecture,Books,Comics,213.54,Kirk-Jennings
Monitored interactive attitude,Clothing,Kids,84.5,Mcgee-Carter
Exclusive local moratorium,Clothing,Women,111.61,Harris Inc
Enterprise-wide upward-trending moderator,Books,Comics,364.66,"Ruiz, Martin and Anderson"
Distributed logistical task-force,Home & Garden,Tools,434.98,Williams LLC
Implemented systemic benchmark,Electronics,Laptops,352.4,Mahoney PLC
Horizontal stable architecture,Sports,Accessories,280.8,Meyer-Garcia
Decentralized explicit hierarchy,Books,Educational,12.33,Smith PLC
Monitored coherent structure,Home & Garden,Kitchen,378.3,Taylor PLC
Seamless asymmetric superstructure,Home & Garden,Kitchen,157.47,"Peters, Lozano and Tran"
Front-line scalable framework,Clothing,Women,414.64,"Lane, Rivers and Ellis"
Reverse-engineered global framework,Books,Educational,420.2,"Stevens, Kelly and Frank"
Organized needs-based matrix,Clothing,Kids,363.43,"Hubbard, Mendoza and Smith"
Multi-lateral national policy,Electronics,Smartphones,437.44,Reed-Ramirez
Re-contextualized fresh-thinking paradigm,Home & Garden,Tools,417.59,Smith-Villarreal
Managed zero tolerance pricing structure,Books,Educational,488.02,Freeman PLC
Automated homogeneous task-force,Books,Educational,227.16,Griffith-Ellison
Vision-oriented scalable utilization,Home & Garden,Kitchen,50.22,"Page, Conway and Gonzalez"
Fully-configurable user-facing hierarchy,Sports,Accessories,180.35,"Wilson, Davis and Phillips"
Switchable clear-thinking methodology,Sports,Accessories,355.82,Graves Ltd
Polarized heuristic capability,Sports,Nutrition,497.28,Kane LLC
Universal 24/7 system engine,Clothing,Kids,324.71,"Dodson, Morris and Smith"
Total background focus group,Clothing,Men,392.66,Cox-Vaughan
Vision-oriented modular synergy,Home & Garden,Furniture,365.7,"May, Norman and Holden"
Grass-roots fault-tolerant instruction set,Books,Educational,168.87,"Dunn, Smith and Hernandez"
Down-sized transitional forecast,Sports,Equipment,398.85,Dunn-Martin
Optimized clear-thinking Internet solution,Home & Garden,Kitchen,299.8,Patel and Sons
Open-source needs-based product,Sports,Nutrition,457.27,Collins-Nielsen
Cross-group explicit function,Home & Garden,Furniture,494.25,Pittman-Flores
Monitored uniform solution,Clothing,Men,458.62,"Smith, Salas and Chapman"
Horizontal actuating approach,Books,Comics,313.5,"Perkins, Wolf and Taylor"
Stand-alone client-driven infrastructure,Books,Educational,436.76,"Robles, Chapman and Martin"
Public-key zero-defect budgetary management,Clothing,Men,81.14,Juarez-Foster
User-centric client-server strategy,Home & Garden,Decor,275.2,"Kaufman, Mckay and Gross"
Up-sized logistical website,Books,Educational,424.11,"Williams, Brown and Rogers"
Polarized uniform implementation,Clothing,Kids,244.26,"Mcneil, Fleming and Clark"
Reactive executive migration,Home & Garden,Furniture,433.04,"Rivera, Bradford and Hall"
Streamlined client-server flexibility,Clothing,Women,262.08,Johnson-Gibbs
Compatible stable circuit,Electronics,Smartphones,367.17,Bradley-Vasquez
Expanded zero tolerance complexity,Sports,Apparel,190.71,Kelly-Higgins
Pre-emptive uniform protocol,Books,Fiction,327.0,Miller and Sons
Customizable local toolset,Electronics,Smartphones,344.33,"Horton, Jones and Spencer"
Multi-layered 4thgeneration project,Clothing,Women,181.82,"Lawson, Smith and Garcia"
Reduced optimizing function,Home & Garden,Kitchen,220.69,Johnson PLC
Cross-platform fresh-thinking capacity,Electronics,Accessories,422.15,Camacho-Snyder
Team-oriented 24hour hardware,Clothing,Kids,85.29,"Anderson, Edwards and Hood"
Re-engineered client-server synergy,Electronics,Laptops,321.76,"Perez, Brown and Reynolds"
Down-sized scalable policy,Electronics,Smartphones,356.65,Hood and Sons
Proactive actuating process improvement,Electronics,Laptops,428.37,Nelson Ltd
Re-contextualized heuristic model,Electronics,Laptops,68.37,Johnson-Roberts
Adaptive homogeneous analyzer,Electronics,Accessories,211.28,Pineda PLC
Optional zero-defect secured line,Clothing,Men,461.12,Grant LLC
Virtual full-range pricing structure,Clothing,Women,455.04,"Davis, Spencer and Ward"
Advanced intermediate matrix,Books,Comics,353.79,Jones and Sons
Fundamental solution-oriented paradigm,Books,Educational,328.22,Petty and Sons
Profit-focused 24/7 software,Clothing,Kids,438.37,Ford Ltd
Organic bi-directional model,Electronics,Laptops,477.75,"Williams, Russo and Smith"
Re-engineered systemic project,Electronics,Accessories,446.01,Flowers-Pratt
Adaptive explicit encoding,Home & Garden,Tools,394.34,Johnson Group
Cross-platform modular pricing structure,Electronics,Tablets,142.55,Henry-Rodriguez
Multi-tiered fresh-thinking database,Sports,Accessories,188.19,Tran-Anderson
Configurable holistic task-force,Home & Garden,Tools,421.37,Mercado PLC
Enterprise-wide non-volatile open system,Clothing,Men,481.03,Jones-Richardson
Virtual zero administration conglomeration,Home & Garden,Furniture,146.69,Foster-Mcpherson
Compatible global firmware,Home & Garden,Kitchen,129.86,"Page, Davis and Matthews"
Customizable tangible architecture,Home & Garden,Decor,465.1,"Mitchell, Stone and Klein"
Re-contextualized user-facing help-desk,Books,Fiction,459.97,"Frazier, Smith and Miller"
Horizontal bandwidth-monitored strategy,Sports,Accessories,28.19,Cruz Group
Multi-channeled stable time-frame,Electronics,Smartphones,238.36,Gonzalez PLC
Mandatory local analyzer,Electronics,Smartphones,411.64,"Hernandez, Johnson and Duke"
Persistent exuding workforce,Electronics,Accessories,39.23,"Watson, Pacheco and Porter"
Organized transitional artificial intelligence,Books,Fiction,298.04,Massey Ltd
Seamless composite challenge,Electronics,Laptops,230.46,Smith Group
Secured even-keeled array,Books,Fiction,431.24,"Mcpherson, Johnson and Mack"
De-engineered 6thgeneration conglomeration,Clothing,Kids,273.49,Armstrong PLC
Customer-focused maximized circuit,Electronics,Tablets,291.42,"Mcgee, Green and Sanders"
Ergonomic multimedia solution,Electronics,Tablets,47.4,Ellis-Fuller
Multi-lateral zero tolerance system engine,Sports,Accessories,170.93,Diaz-Jones
Synchronized upward-trending data-warehouse,Sports,Apparel,98.1,"Dickson, Combs and Evans"
Reverse-engineered dedicated functionalities,Home & Garden,Furniture,70.34,"Clayton, Williams and Sullivan"
